,한국per,한국pbr,코스피per,코스피pbr,코스닥per,코스닥pbr,고객예탁금조,CMA잔고조,국내주식형펀드조,해외주식현펀드조,코스피신용조,코스닥신용조,코스피기관수급조,코스피외국인수급조,코스피개인수급조,코스닥기관수급조,코스닥외국인수급조,코스닥개인수급조,한국수정일드갭,미국수정일드갭,비트코인과거보정,S&P500지수,상해종합주가,니케이지수,월간수출액백만불,월간수입액백만불,월간선박수출액,월간핸드폰수출액,월간기계수출액,월간석유화학수출액,월간철강수출액,월간반도체수출액,월간자동차수출액,월간자동차부품수출액,월간석유제품수출액,월간화장품수출액,월간중국향수출액,월간중국향수입액,월간미국향수출액,월간미국향수입액,외환보유액,가계부채,정부부채,신규주택허가,신규주택착공,아파트미분양전국,미국경기선행지수,중국경기선행지수,유가WTI,천연가스,금,은,구리,옥수수,대두,필라델피아반도체지수,USD/CNY환율,USB/KRW환율,JPY/KRW환율,한국기준금리,미국기준금리,일본기준금리,중국기준금리,한국국채10년물,미국국채10년물,한국국채1년물,미국국채1년물,본원통화조,M1조,M2조,한국신용스프레드,미국신용스프레드
Jan-15,14.04,1.15,13.09,1.09,31,1.87,16.4,46.9,64.6,15.7,2.64,2.85,-0.67,-1.04,1.71,0.4,-0.08,-0.32,7.1,5.3,218.5,1995,3210,17674,45105,39283,4382,2297,3850,3262,2756,5263,3824,2262,2756,231,12084,8143,5562,3625,3622,1138,741,13.8,7.2,36985,100.8,100,48.2,2.7,1278.5,17.2,5505,370,961,653,6.25,1101.4,9.21,2,0.1,0,5.6,2.2,1.6,2,0.1,110,579,2096,0.3,2.81
Feb-15,14.38,1.17,13.34,1.11,33,1.98,16.7,47.6,64.8,15.8,2.72,3.09,0.053,1.33,-1.86,0.07,-0.04,-0.03,7,4.5,254.1,2104.5,3310,18798,41472,33998,5306,2090,3464,2901,2512,4760,3261,1963,2272,174,9928,6981,5021,2998,3624,1138,741,906,7.6,33813,100.7,100.1,49.8,2.7,1212.6,16.5,5880.5,384.4,1030.6,714.7,6.27,1100.53,9.21,2,0.1,0,5.6,2.4,2,2,0.2,117,602,2120,0.26,2.52
Mar-15,14.84,1.22,13.73,1.15,34.6,2.07,18.4,47.5,62.4,16.4,2.99,3.46,-2.84,2.86,-0.02,-0.25,-0.09,0.34,7.4,4.8,244.1,2067.9,3748,19207,46823,38486,3629,2331,4179,3328,2704,5389,4227,2372,3082,275,11868,7227,6795,4056,3628,1138,741,906,7.2,28897,100.6,100.2,47.6,2.6,1183.1,16.6,6050.5,376.2,973.2,695.5,6.2,1107.99,9.2,1.8,0,0,5.4,2.2,1.9,1.7,0.2,123,605,2128,0.27,2.59
Apr-15,15.51,1.27,14.31,1.2,36.8,2.18,21.2,49.5,60.1,16.8,3.52,3.94,-3.58,4.62,-1.04,-0.52,-0.31,0.83,7,4.7,235.8,2085.5,4442,19520,46222,37859,2831,2507,4457,3449,2827,5162,4294,2493,2569,263,11766,7648,6205,3842,3699,1138,741,14.7,13.2,28093,100.5,100.4,59.6,2.8,1182.4,16.1,6245,362.4,978..4,686.3,6.2,1076.34,8.97,1.8,0.1,0,5.4,2.4,2,1.8,0.2,123,612,2146,0.24,2.62
May-15,15.49,1.2,14.21,1.13,38.2,2.05,21,50.3,58.8,16.9,3.7,3.97,-1.94,1.66,0.28,0.19,0.25,-0.43,7.3,4.6,229.8,2107.4,4612,20563,42327,36040,2293,3021,3804,3063,2399,5111,3674,2168,2808,212,10927,6993,5624,3529,2715,1138,741,15.8,13.8,28142,100.4,100.5,60.3,2.6,1189.4,16.7,6088.5,351.4,934,745.4,6.2,1112.01,8.95,1.8,0.1,0,5.1,2.3,2.1,1.7,0.3,117,628,2176,0.26,2.69
Jun-15,15.35,1.19,13.94,1.1,40.4,2.26,21.7,49.2,59.2,17.3,3.7,3.91,-0.39,-1.05,1.44,0.81,-0.03,-0.78,7.1,4.6,264.1,2063.1,4277,20236,46555,36598,3951,2424,4022,3433,2941,5306,4266,2254,3134,232,11349,7399,6504,3824,3747,1138,741,14.7,13.1,34068,100.3,100.5,59.5,2.8,1171.5,15.6,5721,414,1056.2,680.5,6.2,1119.03,9.17,1.5,0.1,0,4.9,2.5,2.3,1.6,0.3,126,648,2192,0.21,2.88
Jul-15,15.6,1.16,13.69,1.08,39.6,2.24,20.8,48.3,60.3,17.4,3.79,4.01,-0.9,-1.8,2.7,0.25,-0.14,-0.11,7,4.5,283.7,2103.8,3664,20585,45695,38647,3456,2115,4111,3472,2662,5137,3931,2439,3043,237,11180,7626,6185,4098,3708,1138,741,16,15.7,33177,100.1,100.4,47.1,2.7,1094.9,14.7,5220,371,980.6,646.3,6.21,1165.67,9.39,1.5,0.1,0,4.9,2.4,2.2,1.6,0.3,115,644,2197,0.24,2.93
Aug-15,14.4,1.12,13.08,1.04,38,2.13,20.9,49.8,62.2,17.6,3.17,3.26,3,-4.11,1.1,0.15,-0.18,0.03,7.6,4.7,229.5,1972.2,3206,18890,39107,34772,1712,2586,3228,3027,2221,5452,2672,1821,2753,202,10884,7159,5059,3826,3679,1138,741,23,12.2,31698,100,100.3,49.2,2.7,1131.6,14.6,5095,363.6,897.4,611,6.38,1181.82,9.7,1.5,0.1,0,4.6,2.3,2.2,1.6,0.4,127,655,2218,0.26,3.05
Sep-15,14.59,1.14,13.28,1.06,37.8,2.11,22,50.2,63,17.7,3.2,3.44,1.95,-1.77,-0.19,-0.56,-0.17,0.73,7.6,5,235.9,1920,3053,17388,43432,34541,2599,3336,3556,3070,2356,5885,3151,2203,2707,238,12045,7585,5464,3278,3681,1138,741,16.7,13.2,32524,99.8,100.2,45.1,2.5,1115.5,14.5,5093,387.6,892,602.7,6.36,1184.44,9.97,1.5,0.1,0,4.6,2.1,2,1.5,0.3,131,680,2221,0.33,3.22
Oct-15,15.18,1.18,13.38,1.1,38.4,2.13,21.1,46.8,63.3,17.9,3.25,3.56,1.02,0.11,-1.13,-0.49,-0.09,0.58,7,4.3,311.2,2079.4,3383,19083,43352,36763,1718,3976,3705,2955,2208,5499,3783,2385,2324,277,12493,8388,6011,3998,3696,1138,741,17.8,11,32221,99.6,100,46.6,2.3,1141.5,15.6,5135.5,382.2,883.6,662.5,6.32,1140.16,9.44,1.5,0.1,0,4.4,2.1,2.1,1.6,0.3,127,678,2240,0.35,3.04
Nov-15,15.01,1.16,13.63,1.08,39.6,2.17,20.8,51,62.5,17.8,3.21,3.56,0.51,-1.95,1.43,-0.31,0.24,0.07,7,4,378,2080.4,3445,19747,44285,34050,5636,3343,3239,2732,2233,5190,3890,2151,2351,300,11611,7856,5520,3358,3685,1138,741,17.2,18.1,49724,99.5,100,41.7,2.2,1065.8,14.1,4595.5,365,881,677,6.4,1159.61,9.37,1.5,0.1,0,4.4,2.3,2.2,1.7,0.5,126,681,2239,0.38,2.95
Dec-15,14.85,1.14,13.44,1.06,40,2.17,20.9,52.3,63.5,17.8,3.04,3.49,2.84,-3.3,0.45,0.02,0.29,-0.31,7.2,4,430,2043.9,3539,19034,42380,35462,2593,2561,3918,3099,2382,4791,4264,2296,2203,290,10990,7244,5882,3592,3680,1138,741,16.1,16,61512,99.3,99.9,37,2.3,1060.3,13.8,4702,358.6,871.2,663.5,6.49,1174.95,9.72,1.5,0.4,0,4.4,2.1,2.3,1.6,0.6,131,708,2247,0.45,3.11
Jan-16,13.34,1.12,11.98,1.03,38.65,2.18,20.4,51,54.4,19.7,3.12,3.56,3.14,-2.97,-0.17,-0.49,0.16,0.33,7.2,5.2,369.8,1940.2,2738,17518,36499,31322,2667,2166,3282,2612,2143,4529,2964,1957,1653,239,9481,6896,5041,3328,3673,1270,753,18.5,11.4,60737,99.2,99.8,33.6,2.3,1116.4,14.2,4541.5,372,882.2,613.2,6.58,1207.11,10.17,1.5,0.4,0,4.4,2,1.9,1.6,0.5,129,698,2272,0.47,3.47
Feb-16,13.29,1.12,12.01,1.04,37.12,2.09,20.7,51.5,65.3,18.1,2.94,3.44,1.46,0.27,-1.73,-0.64,-0.3,0.94,7.3,5.3,436.2,1932.2,2688,16027,36079,29112,2688,2258,3542,2672,2068,4151,2944,1916,1679,222,8642,6029,5223,3058,3658,1270,753,12.2,6.9,55103,99.2,99.7,33.8,1.7,1233.9,14.9,4705,353.4,853,622.1,6.55,1237.24,1.86,1.5,0.4,0,4.4,1.8,1.7,1.5,0.6,134,712,2286,0.49,3.45
Mar-16,13.88,1.17,12.52,1.08,39.42,2.21,21.4,49.6,63.6,18.4,3.13,3.71,-2.93,3.42,-0.49,-0.55,0.29,0.26,7.2,4.9,415.7,2059.7,3004,16759,43008,33283,2593,2835,3834,2996,2915,5287,3915,2275,1887,396,10421,7299,6545,3794,3698,1270,753,12.3,8.9,53845,99.1,99.7,38.3,2,1234.2,15.5,4855.5,351.4,910.6,676.9,6.45,1143.97,10.26,1.5,0.4,0,4.4,1.8,1.8,1.5,0.6,135,723,2296,0.49,3.01
Apr-16,13.92,1.17,12.49,1.08,40.58,2.25,22.9,51.1,61.5,18.4,3.28,3.89,-1.89,1.96,-0.07,-0.48,0.14,0.34,7.4,4.7,448.5,2065.3,2938,16666,41086,32301,3514,2504,3687,2944,2349,4551,3448,2128,2407,361,9613,7101,5824,3305,3725,1270,753,16.2,12.7,53816,99.1,99.7,45.9,2.2,1289.2,17.8,5045,390.2,1021,645.3,6.47,1143.83,10.58,1.5,0.4,0,4.4,1.8,1.8,1.5,0.6,133,716,2295,0.46,2.72
May-16,13.86,1.1,12.43,1.01,40.58,2.12,21.5,52,60.7,18.3,3.21,3.88,-1.2,0.18,1.02,0.25,-0.08,-0.17,7.7,4.5,528.9,2097,2917,17235,39741,32845,1914,2586,3775,3012,2197,4889,3357,2111,2169,339,9929,7058,5669,3888,3709,1270,753,15.6,14.5,55456,99.1,99.6,49.1,2.3,1214.8,16,4700,404.6,1078.4,699.4,6.58,1188.39,10.73,1.5,0.4,0,4.4,1.8,1.9,1.5,0.7,136,723,2317,0.45,2.66
Jun-16,13.78,1.08,12.38,1,39.81,2.07,23.9,51.7,60.3,18.1,3.11,3.68,0.25,0.79,-1.04,-0.42,0,0.42,8.3,5,670,2098.9,2930,15576,45183,33797,5149,2389,3808,3068,2872,5280,3749,2245,2304,361,10183,7216,6053,3834,3699,1270,753,16.2,13.3,59999,99.1,99.7,48.3,2.9,1318.4,18.6,4827,358.6,1175,691.7,6.65,1150.99,11.32,1.3,0.5,0,4.4,1.5,1.5,1.3,0.4,138,744,2338,0.44,2.74
Jul-16,14.15,1.12,12.7,1.03,41.15,2.16,22.7,52.2,59,17.8,3.34,4.2,-3.37,3.98,-0.61,-0.53,0.21,0.32,8.4,4.7,621.9,2173.6,2979,16569,40990,33393,1977,2028,3944,3040,2364,5003,3359,2180,2675,337,10134,7006,5291,3453,3714,1270,753,17.3,12.8,63127,99.1,99.7,41.6,2.9,1349,20.3,4853,334.4,1032.4,766.8,6.64,1110.89,10.74,1.3,0.5,0,4.4,1.4,1.4,1.3,0.5,134,735,2363,0.43,2.52
Aug-16,14.16,1.12,12.84,1.04,38.85,2.04,21.7,52.1,56.9,17.6,3.35,4.34,-1.33,1.08,0.25,-0.89,0.09,0.8,8.4,4.4,573.9,2171,3085,16887,40123,35013,3243,2354,3253,3154,2324,5588,2262,1869,2080,363,10304,7376,4819,3642,3755,1270,753,16.6,12.9,62562,99.1,99.8,44.7,2.9,1306.9,18.6,4602.5,301.4,960,801.5,6.68,1115.29,10.86,1.3,0.5,0,4.4,1.5,1.6,1.3,0.6,137,747,2381,0.39,2.34
Sep-16,14.29,1.08,12.9,1,40.78,2.04,21.9,51.6,55.9,17.4,3.37,4.34,-1.98,1.08,0.9,-0.41,0.39,0.02,8.7,4.5,608.1,2168.3,3005,16450,40850,33950,2238,2403,3518,3060,2252,5702,2388,2297,2383,417,10953,7233,5132,3416,3778,1270,753,15.1,11.5,60700,99.2,99.9,48.2,2.9,1313.3,19.1,4832,336.6,954,835.6,6.67,1100.91,10.84,1.3,0.5,-0.1,4.4,1.4,1.6,1.3,0.6,144,749,2380,0.42,2.43
Oct-16,13.96,1.06,12.69,0.99,37.69,1.9,23.2,51.6,54.8,17.3,3.25,4.15,0.46,0.4,-0.86,-0.41,-0.11,0.52,8.6,4.5,698.7,2126,3104,17425,41950,34790,2554,2859,3550,2959,2187,5592,3315,2215,2292,396,11088,7709,5402,3557,3752,1270,753,11.6,11.4,57709,99.2,100.1,46.9,3,1271.5,17.8,4827.5,354.6,1002.2,823.5,6.77,1141.73,10.94,1.3,0.5,-0.1,4.4,1.7,1.8,1.4,0.7,138,758,2393,0.42,2.42
Nov-16,15.31,1.04,13.92,0.98,43.72,1.81,22,52,56.9,17.8,2.98,3.78,1.84,-0.36,-1.48,0.14,-0.13,-0.01,8.4,3.6,742.5,2198.8,3250,18308,45317,37216,3516,2746,3886,3282,2473,5794,3933,2205,2375,375,11633,8106,5723,3753,3720,1270,753,14.6,11.8,57582,99.4,100.2,49.4,3.4,1170.8,16.4,5740,336.6,1032.2,879.5,6.88,1176.39,10.39,1.3,0.5,-0.1,4.4,2.1,2.4,1.6,0.8,140,767,2404,0.44,2.45
Dec-16,15.95,1.07,14.46,1,44.67,1.88,22.3,50.5,55.9,17.8,2.93,3.85,0.35,1.01,-1.36,-0.06,0.33,-0.27,8.6,3.5,963.4,2238.8,3102,19145,45081,38292,2216,2537,4077,3366,2391,5862,4522,2168,2569,388,12053,7952,5741,4188,3711,1270,753,15.6,15.3,56413,99.5,100.3,53.7,3.7,1150,15.9,5501,352,996.4,906.5,6.94,1206.25,10.32,1.3,0.5,-0.1,4.4,2.1,2.4,1.6,0.8,143,796,2407,0.49,2.34
Jan-17,15.22,1.08,13.83,1.02,44,1.85,21.3,53.7,54.7,17.6,3.07,4.06,-1.96,1.64,0.32,-0.61,-0.15,0.76,8.7,3.8,965.5,2278.9,3159,19041,40313,37502,2188,1797,3478,3547,2317,6315,2855,1956,2779,301,10755,7962,4940,3969,3740,1370,764,15.8,11.9,59313,99.7,100.5,52.8,3.1,1208.6,17.5,5921,359.6,1024.4,944.3,6.88,1150.65,10.18,1.3,0.8,-0.1,4.4,2.2,2.5,1.5,0.8,149,781,2402,0.47,2.29
Feb-17,15.43,1.09,14.14,1.03,38.63,1.85,22.7,54.3,53.9,17.5,3.1,3.98,0.68,0.31,-0.99,-0.5,0.13,0.36,9,3.5,1189.3,2363.6,3229,19119,43200,36000,1898,1787,3817,3822,2943,6397,3281,2053,2910,405,11118,6601,5312,3754,3739,1370,764,12.4,8,61063,99.8,100.6,54,2.8,1252.6,18.4,5936,366.6,1025,969.4,6.87,1136.39,10.04,1.3,0.8,-0.1,4.4,2.2,2.4,1.5,0.8,147,785,2427,0.47,2.14
Mar-17,16.14,1.13,14.84,1.07,39.8,1.85,22.1,52.8,51.9,17.3,3.29,3.96,-3.66,3.53,0.13,-0.45,0.06,0.39,8.7,3.6,1079.1,2362.7,3210,19063,48900,42300,2890,2086,4459,4057,2610,7494,4117,2185,3006,445,11656,8825,6201,4412,3753,1370,764,12.6,9.1,61679,99.9,100.7,50.6,3.2,1247.3,18.2,5849,364.2,946,1011.4,6.88,1116.65,10.03,1.3,0.8,-0.1,4.4,2.2,2.4,1.5,1,153,794,2438,0.52,2.23
Apr-17,14.48,1.12,13.23,1.06,39.42,1.83,23.9,54.4,51.2,17.3,3.24,4.01,-0.22,0.76,-0.54,0.3,0.32,-0.61,8.6,3.6,1351.9,2384.2,3152,19252,51000,37800,7123,2184,4231,3688,3116,7138,3884,1905,2499,350,10590,7913,6036,4390,3766,1370,764,13.6,11.5,60313,99.9,100.8,49.3,3.3,1266.1,17.2,5688.5,358,945.2,1005.5,6.89,1136.87,10.12,1.3,1,-0.1,4.4,2.2,2.3,1.5,1.1,148,793,2446,0.53,2.18
May-17,15.09,1.18,13.91,1.12,35.67,1.91,24.2,53.2,51.1,17.4,3.65,4.16,0.22,1.32,-1.54,-0.46,0.53,-0.07,8,3.6,2303.3,2411.8,3110,19678,45000,39000,2442,1626,3903,3411,2979,7508,3508,1845,2781,355,10653,8092,5524,4703,3785,1370,764,13.6,10.3,56859,99.9,100.8,48.3,3.1,1272,17.4,5615.5,372,916,1091.4,6.81,1118.65,10.07,1.3,1,-0.1,4.4,2.2,2.2,1.5,1.2,146,791,2450,0.53,2.1
Jun-17,15.5,1.21,14.34,1.15,36.67,1.96,24.5,52.1,51.7,17.3,4.16,4.39,-3.31,1.67,1.64,-0.36,0.2,0.17,8,3.4,2480.6,2423.4,3192,20033,51400,40000,7372,1521,4294,3531,2902,8027,3836,1961,2416,418,10675,8352,5981,4806,3806,1370,764,15.2,10.3,57108,99.9,100.9,46,3,1240.7,16.6,5907.5,370.4,942.2,1034.9,6.78,1144.43,10.18,1.3,1.3,-1,4.4,2.2,2.3,1.5,1.2,150,816,2464,0.54,2.02
Jul-17,13.8,1.21,12.74,1.15,32.73,1.92,26.9,53.8,52.3,17.5,4.16,4.45,1.78,-0.53,-1.25,-0.68,0.13,0.55,8.6,3.3,2883.3,2470.3,3253,19960,48800,38600,6090,1472,3979,3452,2613,7892,3644,1887,2722,362,10791,7769,5661,4083,3838,1370,764,16.4,12,54282,100,100.9,50.2,2.8,1266.6,16.8,6381,370.6,994.4,1085.2,6.72,1118.4,10.01,1.3,1.3,-0.1,4.4,2.2,2.3,1.4,1.2,151,797,2470,0.53,1.97
Aug-17,13.77,1.2,12.63,1.13,33.94,1.96,23.7,54.1,52.7,17.3,4.02,4.29,1.71,-1.89,0.18,-0.25,0.28,-0.02,8.5,3.4,4735.1,2471.7,3385,19358,47120,40100,2427,1805,3682,3716,2634,8757,2837,1865,2882,412,11912,8117,5953,4544,3848,1370,764,13.2,9.9,53130,100,100.9,47.2,3,1316.2,17.5,6818,342.2,936.2,1114.3,6.59,1123.85,10.42,1.3,1.3,-0.1,4.4,2.3,2.1,1.5,1.2,155,801,2484,0.55,2.01
Sep-17,13.82,1.15,12.89,1.1,28.38,1.79,24.4,54.1,54,17.5,4.02,4.29,1.36,-1.61,0.25,-0.42,0.49,-0.07,8.5,3,4360.6,2519.4,3349,20356,55100,41400,3124,2018,4326,4335,4654,9688,3819,2146,3652,527,13541,8443,6598,4078,3847,1370,764,13.6,11.4,54420,100.1,100.9,51.7,3,1281.5,16.6,6530,355.2,968.2,1171.7,6.65,1144.29,10.2,1.3,1.3,-1,4.4,2.4,2.3,1.5,1.3,162,837,2510,0.54,1.88
Oct-17,13.44,1.23,12.33,1.16,33.19,2.07,24.3,52.9,54.5,18.1,4.31,4.47,-3.25,2.85,0.41,-0.64,0.22,0.42,7.5,2.8,6451.2,2575.3,3393,22012,44980,37650,3291,2024,3287,3141,2284,9483,2885,1572,2591,405,12580,7932,4727,3448,3845,1370,764,16.4,11.4,55707,100.2,100.8,54.4,2.9,1267,16.6,6830,345.6,973.6,1275.6,6.63,1117.42,9.94,1.3,1.3,-0.1,4.4,2.6,2.4,1.8,1.4,157,818,2503,0.56,1.78
Nov-17,13.54,1.24,12.27,1.15,33.88,2.33,26.1,34.1,54.7,18.6,4.76,5.27,-0.6,0.03,0.56,1.1,0.44,-1.53,7.8,2.4,9946.8,2647.6,3317,22725,49670,41830,804,2155,4637,3884,2576,9573,4053,1964,3415,500,14001,9253,6382,4195,3873,1370,764,13.6,8.8,56647,100.3,100.7,57.4,3,1273.2,16.4,6790,34106,985.6,1272.6,6.61,1087.13,9.67,1.3,1.3,-0.1,4.4,2.5,2.4,1.8,1.6,155,821,2523,0.56,1.72
Dec-17,13.45,1.2,12.13,1.11,34.2,2.27,26.9,34.1,58.9,18.8,4.49,5.38,4.83,-1.75,3.08,1.2,0.41,-1.6,7.3,2.3,13850.4,2673.6,3296,22784,48417,45918,2534,1624,4516,4104,2585,9664,2972,1794,3383,478,13848,8600,5296,4367,3893,1370,764,14.9,13.3,57330,100.4,100.6,60.4,3,1306.3,17.1,7190,350.6,951.6,1253.1,6.51,1066.37,9.49,1.5,1.3,-0.1,4.4,2.5,2.4,1.9,1.7,156,850,2530,0.54,1.62
Jan-18,13.5,1.27,11.95,1.15,39.26,2.6,30.7,55.3,62.1,19.5,4.8,6.48,-0.63,1.96,-1.33,-1,0.13,0.87,7,2.3,10265,2823.8,3481,23098,49210,45490,2445,1615,4423,4204,2713,9681,3234,1825,3644,458,13381,9157,5160,4931,3958,1447,809,16.5,11.8,59104,100.6,100.4,64.7,3,1339,17.2,7139.5,361.4,995.6,1361.5,6.28,1069.08,9.85,1.5,1.5,-0.1,4.4,2.8,2.7,1.9,1.9,158,829,2555,0.54,1.47
Feb-18,12.59,1.2,11.07,1.08,38.15,2.53,26.9,51.8,60.9,19.8,5.32,5.92,-0.93,-1.56,2.49,0.56,-1.26,0.7,7.6,2.4,10333.9,2713.8,3259,22068,44880,41570,2462,1170,3686,4069,2644,9004,2806,1688,3322,384,11523,7598,4683,4528,3948,1447,809,12.9,8.2,60903,100.7,100.2,61.6,2.7,1315.5,16.3,6988,374,1045,1362,6.33,1084.21,9.97,1.5,1.5,-0.1,4.4,2.7,2.9,1.8,2.1,166,840,2569,0.55,1.61
Mar-18,12.42,1.22,10.89,1.1,41.07,2.52,27,53.1,61.4,19.9,5.41,5.93,0.16,-0.75,0.59,0.5,0.26,-0.76,7.6,2.6,6938.2,2640.9,3169,21454,51580,44720,1993,1576,4723,4082,2768,10804,3753,1941,3055,609,13577,8413,6079,5207,3968,1447,809,12.9,7,58004,100.8,100,64.9,2.7,1322.8,16.2,6719,387.6,1044.6,1328.9,6.27,1060.25,10.01,1.5,1.5,-0.1,4.4,2.6,2.7,1.9,2.1,164,852,2584,0.58,1.71
Apr-18,12.36,1.23,11.03,1.14,42.66,2.26,28.3,52.6,61.7,20.2,5.97,6.25,-0.71,-1.04,1.76,-0.17,-0.27,0.44,7.3,2.3,9245.1,2648.1,3082,22468,50060,43450,1777,1262,4586,4129,2874,9779,3549,2029,3959,584,13035,8720,5942,4757,3984,1447,809,14.3,13.4,59583,100.9,99.8,68.6,2.8,1316.2,16.3,6820,392.4,1037.6,1244.4,6.33,1069.33,9.86,1.5,1.8,-0.1,4.4,2.7,3,1.9,2.2,159,837,2584,0.62,1.64
May-18,12.18,1.19,10.77,1.1,47.24,2.27,28.8,52.6,60.8,19.6,6.19,6.31,-2.19,-0.81,3,-0.18,0.53,-0.35,7.9,2.3,7502.6,2705.3,3095,22202,50800,44300,822,1613,4493,4338,2951,10841,3480,2112,3935,596,13852,9280,6153,4822,3990,1447,809,14.4,11.5,59836,100.9,99.6,67,3,1300.1,16.4,6832,394,1018.4,1379,6.41,1079.59,9.94,1.5,1.8,-0.1,4.4,2.7,2.9,1.8,2.2,163,837,2610,0.62,1.71
Jun-18,11.7,1.12,10.4,1.04,43.22,2.08,27.5,51.9,61.2,19.6,6,5.82,0.19,-1.58,1.38,-0.01,0.3,-0.29,8.4,2.2,6398.9,2718.4,2787,22305,51200,44900,1315,1493,4354,4137,2837,11157,3457,1990,4087,552,13814,8713,6422,4788,4003,1447,809,13.1,13.4,62050,100.9,99.4,74.2,2.9,1251.3,16.1,6644,350.2,858.4,1313.7,6.62,1113.91,10.15,1.5,1.8,-0.1,4.4,2.6,2.9,1.8,2.3,167,862,2632,0.67,1.79
Jul-18,11.54,1.11,10.32,1.03,41.02,1.98,26,51.9,60.9,20.4,5.57,5.3,-0.37,0.37,0,-0.17,-0.24,0.41,8.5,1.8,7729.4,2816.3,2874,22713,51880,44880,1629,1537,4705,4295,3492,10383,3144,2021,3922,508,13721,8869,6152,4904,4024,1447,809,14.5,10.4,63132,100.8,99.2,68.8,2.8,1223.7,15.5,6236,372.2,903.6,1367.5,6.8,1112.25,10.07,1.5,2,-0.1,4.4,2.6,3,1.9,2.4,165,837,2635,0.67,1.59
Aug-18,11.58,1.11,10.29,1.03,42.88,2.07,25.8,50.5,61.2,21,5.71,5.59,-1.8,1.65,0.15,-0.03,0.19,-0.16,8.7,1.8,7033.8,2901.5,2738,22870,51200,44300,672,1515,4274,4371,3172,11513,2846,1870,4258,513,14402,8526,6048,4833,4011,1447,809,16.5,9.3,62370,100.7,99.1,68.8,2.9,1200.3,14.4,6018,351,833,1401.2,6.83,115.46,9.92,1.5,2,-0.1,4.4,2.4,2.9,1.8,2.5,171,833,2643,0.5,1.64
Sep-18,12.09,1.12,10.64,1.03,50.19,2.18,27,50,62,20.8,5.93,5.86,0.64,-0.31,-0.33,-0.15,0.14,0.01,8.4,1.5,6635.2,2914,2821,24120,50580,40840,1391,1350,4212,4100,2619,12427,2964,1754,4245,494,14591,7890,5821,4347,4030,1447,809,11.3,9.5,60596,100.6,98.9,73.3,3,1191.5,14.6,6178,356.2,845.4,1366.7,6.87,1109.98,9.81,1.5,2,-0.1,4.4,2.4,3.1,1.8,2.6,178,853,2662,0.45,1.54
Oct-18,10.13,0.95,9.03,0.89,39.63,1.72,25.3,50,60.6,20.8,4.85,4.51,1.79,-3.99,2.2,0.76,-0.61,-0.15,10.1,1.9,6365.9,2711.7,2603,21920,54970,48420,1485,1647,4986,4458,2779,11581,3917,2148,4528,573,14767,9963,6980,5588,4027,1447,809,10.9,8.8,60502,100.5,98.7,65.3,3.3,1212.3,14.2,6015,363.2,839,1202.3,6.97,1141.02,10.09,1.5,2.3,-0.1,4.4,2.2,3.1,1.8,2.7,174,840,2682,0.49,1.75
Nov-18,10.6,0.99,9.4,0.92,46.33,1.83,22.9,46.9,62.7,20.9,4.91,4.71,-0.22,0.35,-0.14,-1.28,0.01,1.26,9.4,1.9,4039.7,2760.2,2588,22351,51920,46780,2078,1245,4670,3968,2640,10684,3965,1952,3914,547,13559,9852,6841,4879,4030,1447,809,12.1,10.6,60122,100.3,98.6,50.9,4.6,1220.2,14.1,6200,366.4,894.6,1239.6,6.69,1119.44,9.89,1.8,2.3,-0.1,4.4,2.1,3,1.8,2.7,171,837,2687,0.47,2.02
Dec-18,10.26,0.94,9.02,0.87,48.3,1.71,24.9,48.3,64.3,20.8,4.85,4.56,1.18,-0.06,-1.12,0.16,0.2,-0.37,9.2,3,3709.4,2506.9,2494,20015,48460,43910,3207,1067,4445,3834,2483,8852,3772,1788,3480,456,11904,9508,6440,5284,4037,1447,809,14.1,10.1,58838,100.1,98.5,45.4,2.9,1278.3,15.4,5980,375,882.4,1155.2,6.88,1113.3,10.11,1.8,2.3,-0.1,4.4,2,2.7,1.7,2.6,172,866,2700,0.49,2.23
Jan-19,11.45,1.01,10.11,0.94,50.21,1.8,28.2,48.9,67.6,20.8,4.87,5.05,-0.84,4.03,-3.19,-0.87,0.07,0.81,7,2.9,3437.2,2704.1,2585,20773,46350,45020,1777,1120,4471,3996,2800,7415,3665,2052,3589,450,10836,10339,6209,5291,4055,1505,883,14.1,9,59162,99.9,98.4,53.8,2.8,1319.7,16,6166.5,376.4,915.2,1272.1,6.7,1111.4,10.25,1.8,2.5,-0.1,4.4,2,2.6,1.8,2.6,180,853,2713,0.46,1.96
Feb-19,11.69,1,10.29,0.93,50.2,1.84,25.6,48.8,67,20.7,5.06,5.44,0.54,0.13,-0.68,-0.2,0.56,-0.35,7.1,2.6,3816.6,2784.5,2941,21385,39560,36470,1324,988,3778,3487,2541,6767,2881,1638,2982,464,9532,6583,5442,4371,4047,1505,883,10.5,8,59614,99.7,98.3,57.2,2.8,1312.8,15.5,6493,362,897.4,1350.2,6.69,1124.6,10.08,1.8,2.5,-0.1,4.4,2,2.7,1.8,2.5,181,859,2740,0.46,1.87
Mar-19,11.88,0.98,10.59,0.92,35.42,1.57,25.6,49.6,64.9,20.5,4.86,5.53,-0.99,0.3,0.69,-0.25,0,0.25,7.2,2.9,4102.3,2834.4,3091,21206,47110,41890,2099,1066,4637,3604,2636,9003,3706,1925,3025,592,11443,8805,6319,5022,4053,1505,883,11.4,7.5,62147,99.5,98.3,60.1,2.7,1293,15.1,6476,356.4,884.2,1395.5,6.71,1136.1,10.28,1.8,2.5,-0.1,4.4,1.8,2.4,1.7,2.4,180,879,2763,0.46,1.84
Apr-19,13.48,1.03,11.83,0.95,55.32,1.94,27,49.6,62.7,20.2,4.86,5.83,-0.65,2.38,-1.73,-0.14,0.18,-0.04,6.7,2.6,5320.8,2945.8,3078,22259,48860,44740,2733,1211,4609,3883,2648,8434,3752,2027,3884,574,12430,9793,6158,5586,4040,1505,883,13.1,10.7,62041,99.4,98.3,63.9,2.6,1282.8,14.9,6430,353.2,841.2,1556.2,6.73,1163.25,10.37,1.8,2.5,-0.1,4.4,1.9,2.5,1.7,2.4,176,866,2760,0.47,1.74
May-19,12.75,0.96,11.15,0.88,58.29,1.79,26.3,50.9,61,19.9,4.83,5.42,-0.46,-2.47,2.93,-0.13,-0.57,0.7,7,3.6,8558.3,2752.1,2899,20601,45910,43640,1185,1090,4717,3601,2725,7537,3937,1945,3512,579,11015,9943,9500,5513,4020,1505,883,12.9,11,62741,99.2,98.4,53.5,2.5,1305.8,14.5,5817,427,877.6,1296.2,6.9,1187.8,10.86,1.8,2.5,-0.1,4.4,1.7,2.1,1.6,2.2,184,868,2773,0.48,1.97
Jun-19,13.29,0.97,11.71,0.9,60.77,1.75,25.1,49.3,61.7,199,4.8,5.67,1.51,0.71,-2.22,-0.16,-0.38,0.54,6.8,3.4,10818.6,2941.8,2979,21267,44180,40010,1923,1149,4164,3118,2582,8306,3735,1719,3026,472,10432,8657,6249,4672,4031,1505,883,11,11.1,63705,99,98.4,58.5,2.3,1409.7,15.3,598,420.2,899.6,1459,6.87,1155.38,10.73,1.8,2.5,-0.1,4.4,1.6,2,1.6,1.9,183,892,2814,0.47,1.85
Jul-19,14.1,0.91,12.52,0.85,56.15,1.62,24.3,49.3,60.2,19.2,4.36,5.12,-0.72,2.03,-1.31,-0.43,-0.13,0.56,7.5,3.1,10082,2980,2933,21522,46140,43700,1513,1066,4465,3757,2732,7461,3819,2049,3549,509,11444,9393,6113,5383,4031,1505,883,10.4,9.2,62529,99,98.4,58.6,2.2,1426.1,16.3,5949,400.2,864,1542,6.88,1187.32,10.88,1.5,2.5,-0.1,4.4,1.4,2,1.4,2,174,870,2807,0.5,1.71
Aug-19,14.24,0.89,12.66,0.83,54.87,1.58,24,48,59.6,18.9,3.92,4.47,2.2,-2.3,0.1,-0.19,-0.3,0.48,7.9,3.8,9594.4,2926.5,2886,20704,44200,42480,1803,1227,3988,3508,2540,7976,2975,1771,3570,517,11288,8313,5620,5175,4015,1505,883,12.5,8.9,62385,98.9,98.4,55.1,2.3,1519.1,18.2,5695,358,857,1504.9,7.15,1209.5,11.41,1.5,2.3,-0.1,4.3,1.3,1.5,1.1,1.8,185,884,2849,0.49,1.78
Sep-19,14.91,0.91,13.3,0.85,56.15,1.57,25.4,49.2,60.7,18.7,3.99,4.81,2.24,-0.86,-1.38,-0.55,-0.19,0.74,7.5,3.5,8284.3,2976,2905,21756,44710,38740,1804,1357,4138,3340,2373,8502,3081,1787,3517,566,11362,8197,5691,4759,4033,1505,883,10.7,8,60062,98.9,98.4,54.1,2.3,1465.7,16.9,5759,388,906,1558.8,7.15,1198.09,11.13,1.5,2,-0.1,4.2,1.5,1.7,1.3,1.8,187,894,2854,0.5,1.74
Oct-19,17.34,0.93,15.45,0.86,59.49,1.67,25.1,49.5,61,18.9,4.02,5.03,0.96,-0.56,-0.41,-0.7,0.31,0.4,7.1,3.4,9152.6,3037.6,2929,22927,46780,41390,1857,1535,4366,3451,2436,7862,3762,1993,3315,623,12244,9216,6358,4963,4063,1505,883,10.9,6.8,56098,98.9,98.3,54.2,2.6,1511.4,18,5849,390,916.6,1651.2,70.4,1169.24,10.74,1.3,1.8,-0.1,4.2,1.7,1.7,1.4,1.5,187,886,2872,0.47,1.7
Nov-19,18.15,0.92,16.25,0.86,58.46,1.64,24.7,46.6,62.6,18.8,4.15,5.26,2.31,-3.18,0.87,-0.66,-0.38,1.04,7.4,3,7546.6,3141,2872,23294,44100,40730,789,1208,4586,3219,2405,7387,3906,1769,3428,600,11889,8966,6265,5273,4075,1505,883,13.2,10.5,53561,98.9,98.3,55.2,2.3,1465.6,17,5876,371.2,876.6,1716.8,7.03,1180.7,10.77,1.3,1.8,-0.1,4.2,1.6,1.8,1.4,1.6,186,815,2917,0.52,1.64
Dec-19,19.16,0.96,17.12,0.89,63.68,1.69,28.7,50,68.8,18.8,4.05,5016,2.76,0.6,-3.36,0.76,0.59,-1.34,7.2,2.9,7196.4,3230.8,3040,23657,45720,43700,1351,1061,4616,3604,2624,7279,3784,1859,3293,585,12297,9024,6418,5871,4088,1505,883,12.5,9.8,47797,99,98.3,61.1,2.2,1519.5,17.8,6182,387.6,943,1849.6,6.96,1154.7,10.61,1.3,1.8,-0.1,4.2,1.7,1.9,1.3,1.6,192,953,2914,0.54,1.58
Jan-20,20.36,0.92,18.28,0.86,61.32,1.63,30.2,51.9,66.2,18.9,4.48,5.6,-5.07,0.32,4.75,-1.13,-0.55,1.67,7.4,3.8,9349,3225,2977,23205,43350,42730,2825,859,4248,3300,2311,7164,2850,1742,3364,463,9642,9428,5740,5577,4097,1634,986,15.2,8.1,43286,99.1,98.4,51.6,1.8,1582.9,18,5570,381.2,872.4,1789.9,6.94,1194.97,10.87,1.3,1.8,-0.1,4.2,1.6,1.5,1.3,1.4,191,945,2922,0.6,1.63
Feb-20,19.83,0.87,17.83,0.81,55.75,1.56,31.2,51.8,61.9,19.3,4.64,5.73,-2.24,-3.31,5.54,-0.68,-0.33,1.01,8.3,4.8,8543.7,2954.2,2880,21143,41260,37150,1445,1065,4167,3105,2287,7400,2400,1801,2724,525,8825,5553,5932,5435,4092,1634,986,8.7,6.3,39456,99.1,98.4,44.8,1.7,1564.1,16.4,5573,366.4,883.4,1705.5,6.99,1200.2,11.1,1.3,1.8,-0.1,4.1,1.3,1.2,1.1,1,197,985,2978,0.61,1.88
Mar-20,17.93,0.78,15.97,0.72,53.59,1.42,43.5,51.4,58.8,19.1,3.18,3.4,0.12,-12.52,12.4,0.05,-0.3,0.25,8.8,6.1,6412.5,2584.6,2747,18917,46910,41870,1440,1207,4442,3197,2462,8457,3815,1934,2301,761,10644,8956,7281,5372,4002,1634,986,12.5,7.8,38304,99.4,84,20.5,1.6,1583.4,14.1,4797,340.6,886,1510.6,7.08,1218.3,11.31,0.8,0.3,-0.1,4.1,1.6,0.7,1,0.2,194,1008,2987,0.98,4.29
Apr-20,21,0.87,18.51,0.8,60,1.65,44,52.8,56.9,19.4,4.4,4.64,-0.01,-4.1,4.11,-0.56,-0.77,1.33,7.3,5,8629,2912,2810,19771,36920,37870,1068,806,3679,2554,2004,7173,2391,1021,1466,561,10151,9626,5277,5042,4040,1634,986,12.1,12.3,36629,97.7,88.4,18.8,1.9,1684.2,14.9,5231,311.4,850.2,1731.2,7.06,1212.94,11.47,0.8,0.3,-0.1,3.9,1.5,0.6,0.9,0.2,201,1017,3011,1.22,3.17
May-20,24.74,0.91,21.51,0.83,60,1.83,44.6,54.4,56.2,19.3,5.1,5.83,-0.19,-3.88,4.07,-0.67,-0.18,0.85,7.1,4.7,9454.8,3044.3,2846,21878,34860,34420,1608,847,3400,2343,1776,8067,1803,644,1147,560,10744,8994,4589,4293,4073,1634,986,11.1,10.7,33894,92.8,91.8,35.5,1.8,1736.9,18.4,5332.5,325.6,840.6,1852.5,7.13,1231.49,11.51,0.8,0.3,-0.1,3.9,1.4,0.7,0.7,0.2,210,1054,3066,1.36,2.84
Jun-20,25.68,0.96,22.39,0.87,60,1.89,46.8,54.9,54.7,19.2,6.08,6.58,-2.71,-1.2,3.91,-1.2,0.35,0.85,7,4.7,9135.4,3100.3,2962,22288,39210,35550,1380,1014,3875,2756,2054,8303,2491,942,1643,551,11443,8926,5736,4597,4108,1634,986,11.2,11.2,29262,94.3,95.8,39.3,1.8,1793,15.5,6038,338.4,884.2,1996.4,7.07,1199.28,11.16,0.5,0.3,-0.1,3.9,1.4,0.7,0.7,0.2,220,1090,3083,1.45,2.5
Jul-20,29.16,1.04,25.31,0.94,60,2.11,47.6,58.2,55,18.6,6.77,7.55,-3.06,1.04,2.02,-0.84,-0.18,1.02,6.6,4.6,11333.4,3271,3287,21710,42831,38561,1788,1112,3758,2958,2223,7877,3653,1477,2050,586,11726,9185,6597,4445,4165,1634,986,10.4,10.4,28883,96.1,97.7,40.3,1.8,1962.8,24.2,6446.5,316,897.4,2136.4,6.97,1193.59,11.37,0.5,0.3,-0.1,3.9,1.3,0.5,0.7,0.1,209,1076,3084,1.38,2.23
Aug-20,29.97,1.08,25.76,0.97,60,2.21,54.8,56.1,53.6,18.6,7.91,8.31,-3.56,-2.83,6.4,-1.1,0.11,0.99,6.3,4.3,11644.2,3500.3,3396,23140,39660,35540,1175,834,3293,2743,2053,8200,2593,1293,1992,571,10938,8260,5582,4614,4190,1634,986,10.7,10.7,28831,97.7,99.3,42.6,2.6,1967.6,28.4,6728,348.4,951.2,2260.4,6.85,1187.94,11.23,0.5,0.3,-0.1,3.9,1.5,0.7,0.7,0.1,219,1092,3092,1.36,2.23
Sep-20,30.05,1.06,25.83,0.95,60,2.24,54.8,61,52,19,8.13,8.22,-4.13,-0.86,5,-1.73,-0.31,2.04,6.7,4.5,10776.1,3363,3224,23539,48050,39170,1739,1180,4151,3150,2408,9504,3790,1954,1935,834,12185,9167,6998,4654,4205,1634,986,8.7,8.7,28309,98.4,100.8,40.2,2.5,1887.5,23.4,6610,379,1023.4,2244.1,6.79,1164.65,11.12,0.5,0.3,-0.1,3.9,1.4,0.7,0.7,0.1,217,1138,3132,1.39,2.28
Oct-20,2705,1.03,23.75,0.93,60,2.11,53.7,64.9,52.5,19.6,8.2,8.23,-0.7,-0.38,1.08,-1.51,-0.1,1.6,7.2,4.6,13797.3,3270,3225,23185,44980,39000,1449,1352,3893,2961,2267,8677,4016,1806,1645,718,11527,9622,6562,4363,4265,1634,986,10.9,10.9,26703,98.7,101.3,35.8,3.4,1877.4,23.6,6694.5,398.4,1056.4,2246.1,6.69,1136.49,10.84,0.5,0.3,-0.1,3.9,1.6,0.9,0.7,0.1,219,1133,3162,1.35,2.25
Nov-20,28.14,1.18,24.81,1.07,60,2.38,63,61.3,54.7,20.5,9.07,8.87,-1.98,4.96,-2.98,-0.75,0.85,-0.11,6.3,4.2,19698.1,3621.6,3392,26434,45810,39880,1045,1437,4243,2968,2292,8595,3988,1884,1754,752,12030,10286,6664,4188,4364,1634,986,9.3,9.3,23620,99.1,101.7,45.3,2.9,1775.7,22.5,7674.5,419.6,1168.4,2663.5,6.58,1109.32,10.62,0.5,0.3,-0.1,3.9,1.7,0.8,0.7,0.1,221,1156,3190,1.24,1.96
Dec-20,31.09,1.28,27.57,1.16,60,2.51,65.5,59.7,56.6,21,9.62,9.61,-1.99,-1.76,3.75,-0.37,1.11,-0.74,6,4,28949.4,3756.1,3414,26434,51410,44460,2786,1467,4736,3554,2420,9461,3608,2143,2146,681,12710,10882,7158,4911,4431,1634,986,12.4,12.4,19005,99.5,102,48.5,2.5,1893.1,26.3,7741.5,484,1315.2,2795.5,6.53,1084.47,10.56,0.5,0.3,-0.1,3.9,1.7,0.9,0.7,0.1,222,1198,3200,1.21,1.89
Jan-21,28.79,1.31,25.68,1.21,60,2.41,68.3,65.6,57.3,22,11,10.02,-17.38,-5.22,22.6,-2.22,-0.62,2.83,5.8,4.7,33108.1,3714.2,3483,27444,48010,44050,3487,1353,4037,3584,2449,8712,3996,1806,1867,752,11787,10763,8412,5018,4427,1757,1061,13.1,13.1,17130,99.9,102.2,52.2,2.6,1847.3,26.9,7877,547,1370,2887.1,6.43,1117.64,10.69,0.5,0.3,-0.1,3.9,1.8,1.1,0.7,0.1,224,1190,3232,1.09,1.98
Feb-21,28.73,1.32,25.72,1.22,60,2.4,65,65.6,58.2,22.7,11.44,9.74,-5.35,-2.01,7.36,-0.67,-0.02,0.69,5.8,4.5,45164,3811.2,3509,27663,44810,42110,1497,1173,3927,3840,2365,8372,3521,1803,2391,618,11209,9022,6396,5761,4476,1757,1061,9.6,7.6,15786,100.3,102.3,61.5,2.8,1728.1,26.4,9172.5,555.4,1405.2,3067.6,6.47,1123.89,10.43,0.5,0.3,-0.1,3.9,2,1.4,0.7,0.1,236,1232,3289,1.05,2.09
Mar-21,27.14,1.36,24.13,1.25,60,2.51,63.5,54.8,57.3,22.9,12.31,9.93,-5.59,-1.22,6.81,-0.07,-0.27,0.33,5.9,4.2,58763.7,3972.9,3442,29179,53830,49650,2345,1278,4713,4722,2773,9505,4397,2176,2741,852,13408,10885,7971,6221,4461,1757,1061,10.9,10.3,15270,100.7,102.3,59.2,2.6,1713.8,24.5,8850.5,564.2,1436.6,3124.9,6.55,1127.17,10.27,0.5,0.3,-0.1,3.9,2.1,1.7,0.7,0.1,235,1255,3325,0.96,2.2
Apr-21,21.08,1.39,18.54,1.28,60,2.54,59.5,67.9,56.9,23.9,12.88,10.5,-5.85,0.39,5.46,-0.37,-0.29,0.66,6.4,4.2,57720.3,4181.2,3447,28813,51190,50800,1222,1449,4306,4658,2781,9342,4146,2041,2940,875,13401,11518,7557,6440,4523,1757,1061,15.2,13.2,15798,101,102.2,63.6,2.9,1767.3,25.9,9949,740,1571,3109,6.47,1117.16,10.17,0.5,0.3,-0.1,3.9,2.1,1.6,0.6,0.1,234,1254,3343,0.81,2.12
May-21,19.22,1.41,17.11,1.3,54.67,2.54,64.4,45.4,59.9,24.1,12.91,10.27,1.99,-8.49,6.5,-0.42,-0.5,0.92,6.6,4.3,37298.6,4204.1,3615,28860,50730,47810,1363,1197,4273,4540,2882,10043,3492,1818,3092,791,13247,10875,7448,6436,4565,1757,1061,16.1,12,15660,101.3,102,66.3,3,1902.5,28,10159.5,656.6,1530.4,3186.6,6.37,1106.58,10.16,0.5,0.3,-0.1,3.9,2.2,1.6,0.6,0,239,1266,3385,0.75,2.09
Jun-21,19.87,1.43,17.62,1.31,57.73,2.61,67.9,69.2,57.9,24.5,13.17,10.66,-3.65,-0.7,4.35,0.07,-0.2,0.13,6.2,4,35026.9,4297.5,3591,28792,54800,50360,1951,1049,4694,4601,3114,11159,4044,1959,3018,722,13070,11424,8717,6489,4541,1757,1061,13.9,12.6,16289,101.3,101.7,73.5,3.7,1770.8,26.2,9385,720,1450,3345.3,6.46,1130.48,10.22,0.5,0.3,-0.1,3.9,2.1,1.5,1,0.1,243,1302,3419,0.57,1.82
Jul-21,17.17,1.4,15.06,1.28,57.11,2.62,75.2,70.1,57.2,25.3,13.41,11.04,-2.75,-5.07,7.83,-0.95,0.22,0.73,6.4,4.2,41553.7,4395.3,3397,28792,55440,53670,1969,1167,4420,4745,3143,10981,4102,1992,3603,653,13586,11524,8724,6339,4587,1757,1061,16,11,15198,101.3,101.3,74,3.9,1812.6,25.5,9747.5,547,1414.6,3356.5,6.46,1151.41,10.48,0.5,0.3,-0.1,3.9,1.9,1.2,0.9,0.1,240,1292,3439,0.45,1.84
Aug-21,16.37,1.43,14.54,1.31,44.55,2.65,70.7,57.8,59.5,26.3,13.56,11.36,1.56,-6.37,4.82,-1.16,0.28,0.88,6.4,4,47130.4,4522.7,3544,28090,53230,51560,1631,1351,4063,4982,3149,11695,3029,1579,3078,684,13881,11731,7704,6210,4639,1757,1061,14.6,10.6,14864,101.3,100.9,68.5,4.4,1815,24,9462.5,534,129836,3417,6.46,1158.73,10.59,0.8,0.3,-0.1,3.9,19,1.3,1.1,0.1,245,1315,3490,0.43,1.83
Sep-21,15.84,1.33,14.07,1.22,43.57,2.5,67,67.8,58.7,27,13.52,11.31,-4.2,1.09,3.1,-1.49,-0.08,1.57,6.5,4.1,43823.3,4307.5,3568,29453,55830,51620,1036,1411,4470,4796,3410,12180,3558,1854,3576,877,14292,11409,7984,5960,4640,1757,1061,13.9,9.1,13842,101.2,100.5,75,5.9,1755.3,22,9227,536.6,1256,3258,6.45,1184.23,10.58,0.8,0.3,-0.1,3.9,2.2,1.5,1.1,0.1,251,1335,3504,0.45,1.87
Oct-21,14.12,1.3,12.42,1.18,42.6,2.5,67.9,67.5,61.2,28,13.04,10.99,0.74,-3.87,3.14,0.29,0.05,-0.33,5.8,3.5,61309.6,4605.4,3547,29453,55550,53860,1543,1897,4053,5011,3365,11173,3827,1785,4081,797,14416,11985,8067,5996,4692,1757,1061,14.7,11.5,14075,101.2,100.1,83.6,5.4,1783,23.9,9955,568.2,1235.6,3451.3,6.41,1174.47,10.32,0.8,0.3,-0.1,3.9,2.6,1.6,1.4,0.1,247,1334,3563,0.47,1.71
Nov-21,13.24,1.26,11.57,1.14,42.53,2.46,67,67.2,61.2,29.5,12.58,10.88,-1.28,2.58,-1.3,0.12,1.03,-1.15,6.6,3.4,56882.9,4567,3564,27882,60440,57360,3527,2008,4405,4833,3340,12036,4120,1842,3871,870,15273,13664,8134,6640,4639,1757,1061,14.7,11.7,14094,101.1,99.8,66.2,4.6,1773.6,22.8,9605,567,1217.2,3833.2,6.36,1182.71,10.5,1,0.3,-0.1,3.9,2.2,1.5,1.3,0.2,243,1342,3596,0.57,1.71
Dec-21,14,1.28,12.21,1.16,45.35,2.5,68,65.1,65,30.9,12.06,11.04,2.82,3.35,-6.18,1.45,0,-1.45,6.2,3.1,46219.5,4766.2,3619,27822,60740,61320,1420,1801,4760,4779,3597,12871,4230,2121,3867,689,15343,13829,8788,5702,4631,1757,1061,14.5,11.5,17710,101,99.5,75.2,3.7,1827.5,23.3,9692,593,1328.6,3940,6.35,1187.96,10.32,1,0.3,-0.1,3.8,2.3,1.5,1.4,0.4,249,1372,3614,0.62,1.64
Jan-22,12.52,1.18,11.1,1.09,38.59,2.12,75.1,68.6,62.1,31.2,11.4,10.27,-2.7,-1.86,4.56,-0.74,-2.08,2.82,6.2,2.7,38498.6,4515.6,3361,28792,55320,60210,771,1349,4591,5060,3662,10816,4089,2060,3681,565,13370,13172,8571,7094,4615,1756,1193,19.2,14.2,21727,101,99.2,88.2,4.9,1795,22.4,9620,626,1490,3483,6.37,1203,10.43,1,0.3,-0.1,3.7,2.6,1.8,1.5,0.8,253,1345,3630,0.57,1.74
Feb-22,12.53,1.2,11.15,1.11,36.6,2.16,65,69.1,62.2,31.9,11.08,9.82,-1.63,0.81,0.82,-0.29,-0.31,0.6,6.2,2.5,43188.2,4373.9,3462,26527,53910,53070,1733,1268,3935,4969,3297,10368,3806,1780,4176,574,13040,10403,7741,5961,4618,1756,1193,13.7,7.3,25254,101,99,95.7,4.4,1899.4,24.7,9974,697.5,1644.3,3429.5,6.31,1200.12,10.42,1.3,0.3,-0.1,3.7,2.7,1.8,1.5,1,261,1364,3657,0.66,1.78
Mar-22,12.39,1.24,10.97,1.14,34.92,2.3,62.8,69.5,62.9,33.3,11.73,10.32,-1.6,-5.09,6.7,0.41,0.59,-1,5.2,1,45525,4530,3252,27821,63480,63620,1504,1844,4844,5465,3514,13119,3971,2174,5519,708,15643,12624,9639,6993,4578,1756,1193,11.9,7.3,27974,100.8,98.8,100..3,5.6,1949.2,25.1,10337,748.6,1618.2,3419,6.34,1214,9.93,1.3,0.5,-0.1,3.7,3,2.3,1.8,1.6,265,1381,3653,0.64,1.37
Apr-22,12.45,1.17,11.14,1.08,31.24,2.11,62.9,67.7,61.7,33.2,11.89,10.38,-1.4,-4.93,6.32,-0.78,-1.22,2,5.2,1.1,37650,4131.9,3047,27821,57690,60350,1018,1570,4300,4997,3358,10818,4387,1937,5167,718,12950,12333,9605,6604,4493,1757,1193,15.1,11.6,27180,100.6,98.5,104.7,7.2,1909.3,23,9820.5,818.2,1708.2,2929,6.61,1262.01,9.7,1.3,0.5,-0.1,3.7,3.2,2.9,2,2.1,264,1381,3674,0.68,1.67
May-22,12.44,1.17,11.16,1.08,30.38,2.09,58.3,69.4,62,33.4,11.43,10.14,0.66,0.13,-0.79,-0.24,0.04,0.2,5.2,1.4,31793.4,4132.2,3186,27280,61520,63220,1964,1298,4403,5197,3644,11545,4153,1955,6522,837,13423,14516,9620,7194,4477,1757,1193,17.9,11.1,27357,100.4,98.3,114.7,8.1,1842.7,21.5,9500,754.3,1683.3,3098.7,6.67,1242.26,9.67,1.8,1,-0.1,3.7,3.3,2.8,2.2,2.1,267,1386,3699,0.81,1.84
Jun-22,10.75,0.99,9.69,0.92,25.57,1.73,57.4,68.1,58.6,33.7,9.63,8.24,0.42,-5.56,5.14,-0.2,-0.59,0.78,5.6,1.5,19926.6,3785.4,3399,26393,61520,63220,1249,1162,4136,4569,3281,12349,3935,1885,5579,655,12961,14157,9770,6769,4383,1757,1193,19.5,11,27910,100.1,98.2,105.8,5.4,1804.1,20.2,8245,744,1675,2556.3,6.7,1287.51,9.46,1.8,1,-0.1,3.7,3.6,3,3,2.8,283,1401,3703,0.76,2.09
Jul-22,11.03,1.05,9.87,0.97,27.65,1.88,53.9,65.8,60.6,34,9.82,8.74,-1.62,2.32,-0.69,-0.12,-0.52,0.64,5.6,1.1,23303.4,4130.3,3253,26393,60700,65370,2535,1125,4264,4646,3291,11211,5135,2033,6394,613,13217,13823,10112,6689,4386,1757,1193,15,10.1,31284,99.7,98,98.6,8.2,1762.9,20.2,7800.5,616.3,1637,2967,6.74,1302.97,9.71,1.8,1.8,-0.1,3.7,3.1,2.6,2.9,3,257,1344,3717,0.97,1.9
Aug-22,11.31,1.06,10.12,0.98,28.09,1.89,54.2,64.6,60.9,34.3,10.18,9.17,-2.92,3.65,-0.73,-0.77,0.34,0.43,4.3,0.4,20043.9,3955,3202,28092,56670,66150,1202,1322,3810,4406,3227,10782,4115,1799,6644,623,13140,13502,8753,7779,4364,1757,1193,15.6,9.1,32722,99.5,97.9,89.6,9.1,1726.2,17.9,7721,670.5,1422.5,2677.4,6.89,1341.19,9.71,2.5,1.8,-0.1,3.7,3.7,3.2,3.3,3.6,277,1325,3726,0.96,1.66
Sep-22,9.81,0.91,8.83,0.84,23.85,1.54,51.9,64.4,58.1,33.9,9.22,7.95,-0.88,-2.11,2.98,0.52,-0.38,-0.14,4.6,-0.2,19432,3585.6,3024,25937,57460,61230,1191,1671,3998,4066,2686,11498,4779,2014,5276,742,13339,12678,9250,6660,4168,1757,1193,16,9.8,41604,99.3,97.9,79.5,6.8,1672,19,7647,677.5,1364.8,2306.7,7.11,1439.96,9.93,2.5,2.5,-0.1,3.7,4.1,3.8,3.4,4,280,1316,3731,1.08,1.81
Oct-22,10.85,0.96,9.83,0.89,24.96,1.6,47.7,63.2,60.9,33.8,8.57,7.51,-0.77,3.28,-2.51,0.14,-0.25,0.11,3.3,-0.8,20496.3,3872,2893,27587,52480,59180,1502,1793,3915,3733,2667,9228,4916,1841,4395,690,12153,13412,8600,6692,4140,1757,1193,13.9,10.2,47217,99.1,97.9,86.5,6.4,1640.7,19.1,7525,691.5,1419.5,2384.5,7.3,1425.83,9.61,3,3.3,-0.1,3.7,4.2,4,3.8,4.7,267,1265,3753,1.38,1.84
Nov-22,12.33,1.03,11.24,0.96,26.9,1.69,46.6,60.4,63.3,33.8,9.09,8.04,0.28,3.9,-4.18,-0.55,0.22,0.33,3,-0.6,17163.9,4080.1,3151,27969,51890,58881,1121,1632,4328,3547,2985,8435,5398,1857,4882,639,11375,12132,8786,6527,4161,1757,1193,14.4,7.6,58027,99,98.1,80.6,6.9,1759.9,21.8,8198,667,1469.5,2826.8,7.09,1301.65,9.6,3.3,4,-0.1,3.7,3.7,3.6,3.7,4.8,267,1265,3753,1.75,1.74
Dec-22,11.53,0.93,10.51,0.87,25.03,1.52,47.5,58.5,59.4,32.6,8.76,7.77,0.78,-1.7,0.92,0.41,0.01,-0.42,3.4,-0.4,16576.25,3849.3,3073.7,26093.7,54932,59623,2502,1205,4579,3633,2843,9058,5427,1987,4719,593,11375,12132,8786,6527,4232,1749,1193,13.1,8.8,68107,98.9,98.3,78.4,4.6,1826,24.3,8395,679.5,1516.3,2534.9,6.96,1260.85,9.62,3.3,4,-0.1,3.7,3.7,3.8,3.8,4.7,276,1237,3739,1.52,1.6
Jan-23,11.85,0.98,10.76,0.92,26.45,1.62,45.8,58.5,62.5,33.7,8.23,7.87,-0.11,6.34,-6.23,-0.41,0.16,0.25,3.4,-0.5,22951,4017.8,3255.7,27327.1,46276,58927,1436,1589,3861,3802,2715,6001,4983,1726,4134,468,11186,11805,9373,6789,4232,1749,1191,15.5,6.9,75359,98.8,98.7,77.9,2.7,1922.9,23.7,9227,683.8,1535.3,2866.7,6.75,1231.46,9.48,3.5,4.5,-0.1,3.7,3.3,3.5,3.5,4.8,256,1179,3766,1.02,1.39
Feb-23,12.52,0.98,11.23,0.91,29.91,1.73,46.9,58.9,62.4,34.1,8.95,8.76,-3.3,0.42,2.87,-0.66,0.64,0.02,2.5,-1.3,23148,3970,3279.6,27445.6,50111,55379,1549,1246,4448,4062,2975,5963,5597,2016,4676,653,9880,11020,9016,6007,4300,1749,1194,15.5,6.9,75438,98.8,99.1,77.1,2.8,1836,21.1,8844,630.3,1479,2958.4,6.93,1323.02,9.71,3.5,4.5,-0.1,3.7,3.8,3.9,3.7,5,270,1193,3802,0.69,1.28
Mar-23,13.81,1.03,12.14,0.94,40.13,1.9,49.2,62.7,61.5,34.2,9.07,9.51,1.05,0.27,-1.32,-1.71,-1.19,2.89,2.6,-0.4,27149,4050.8,3272.9,28041.5,55107,59739,1139,1064,4805,4092,3139,8598,6518,2059,4601,775,10418,13191,9790,6693,4253,1740,1194,12.5,5.9,72104,98.7,99.5,74.4,2.1,1997.7,24,9038.5,649.5,1474.5,3208.3,6.87,1296.55,9.77,3.5,4.8,-0.1,3.7,3.3,3.6,3.3,4.7,269,1207,3777,0.8,1.72
Apr-23,15.37,1.05,13.55,0.96,43,1.89,53.8,66.2,61.5,34.2,9.57,10.21,-1.2,1.95,-0.75,-1.14,-1.13,2.28,2.6,-0.3,29632,4135,3323,28865.3,49579,52232,1620,1031,4645,3810,3000,6380,6156,1906,3785,684,9517,11790,9184,5523,4261,1740,1194,10.4,5.7,71365,98.7,99.9,74.8,2.4,1999,25.2,8465.5,581.5,1403.8,2941.6,6.92,1339.17,10,3.5,5,-0.1,3.7,3.4,3.5,3.3,4.8,267,1192,3776,0.81,1.7
May-23,16.74,1.03,14.72,0.94,48.87,1.89,51,59.2,63.2,34.3,8.95,9.71,0.02,4.28,-4.3,0.28,-0.15,-0.13,2.3,-0.8,27773.54,4205.5,3204.6,30887.9,52221,54338,1022,1142,4474,3827,3322,7367,6203,1941,4360,770,10590,12336,9478,6024,4267,1740,1194,10.4,5.7,68856,98.8,100.3,69.5,2.3,1977.1,23.2,8122,594,1296.5,3549.4,7.08,1319.76,9.44,3.5,5,-0.1,3.7,3.5,3.7,3.5,5.3,262,1187,3778,0.8,1.64
Jun-23,16.81,1.04,14.67,0.94,53.44,1.98,51.5,68.9,63.5,35.1,9.53,9.93,0.67,-1.05,0.38,0.09,-0.59,0.5,2.2,-1.6,30395,4396.4,3202.1,33189,54231,53105,2483,1021,4465,3552,3382,8896,6229,1981,3302,746,10499,11800,9592,5530,4210,1749,1194,10.4,5.7,66388,98.8,100.6,69.9,2.7,1917.9,22.8,8165.5,528.5,1265.5,3614.2,7.25,1322.21,9.13,3.5,5.3,-0.1,3.7,3.7,3.8,3.6,5.5,269,1224,3816,0.81,1.37
Jul-23,20.01,1.08,17.45,0.97,57.9,2.14,57.8,67.9,64.3,35.3,10.12,9.85,-1.78,-1.99,3.78,-0.77,2.79,-2.02,2.4,-1.8,29341,4582,3291,33172,50348,48695,1751,953,4411,3501,2948,7443,5904,2023,3717,645,9903,11169,9286,5311,4215,1749,1194,8.5,4.7,63087,98.9,100.8,80.6,2.6,1960.4,24.5,8592,530.3,1382.5,3851.8,7.15,1272.83,9.02,3.5,5.3,-0.1,3.6,3.8,4,3.5,5.4,254,1184,3788,0.79,1.24
Aug-23,20.73,1.03,17.78,0.93,75.25,2.08,52.7,71.6,64.3,35.2,10.5,9.67,-2.73,-0.94,3.67,-0.27,0.19,0.08,3.1,-1.7,27254,4514.9,3119.9,32619.3,51881,51002,1613,1217,4101,3873,2860,8559,5292,1905,4300,699,10494,11687,9859,5390,4218,1749,1194,12.3,5.8,61811,99,101,81.6,2.8,1973,25.1,8394.5,480.8,1386.8,3643.9,7.28,1323.49,9.05,3.5,5.3,-0.1,3.6,3.8,4.1,3.5,5.4,272,1186,3824,0.76,1.37
Sep-23,19.77,0.99,17.13,0.89,68.6,1.89,50.9,66.1,64,35.5,10.44,9.48,-0.1,-1.05,1.15,-0.05,-1.21,1.26,3.4,-1.7,26149.25,4273.5,3107.3,32371.9,54660,50963,1364,1619,4392,3819,2870,9936,5231,1942,4898,826,10494,11687,8959,5390,4183,1759,1194,9.8,5.8,59806,99.1,101.1,90.4,2.9,1919.8,23.2,8066,479.8,1302.8,3329.6,7.31,1352.93,9.07,3.5,5.5,-0.1,3.5,4,4.5,3.7,5.5,266,1215,3840,0.77,1.44
Oct-23,18.51,0.91,16.1,0.83,68.59,1.68,48.5,70.5,62.4,35.3,9.09,8.1,0.66,-2.92,2.26,0.42,-0.45,0.03,3.7,-1.7,34434,4166,3018.8,30858.9,55083,53456,2833,1712,4321,3608,2645,8939,5883,1772,5265,765,10990,12548,10079,6214,4141,1759,1194,8.6,5.8,58299,99.2,101,82.3,3.4,2005.6,23.4,8110,478.3,1307.3,3185.2,7.31,1345.63,9.02,3.5,5.5,-0.1,3.5,4.3,4.9,3.7,5.4,264,1190,3854,0.82,1.73
Nov-23,20.02,0.99,17.04,0.91,124.53,1.85,48,68.9,66.1,35.6,8.93,8.29,3.45,2.93,-6.38,-0.84,1.3,-0.46,3.6,-1.4,37740,4550.6,3029.7,33486.9,55776,51998,1550,1765,4927,2772,2654,9520,6530,1927,4597,774,11356,12086,10946,6205,4129,1759,1194,11.2,9.3,57925,99.2,100.9,77.9,2.8,2067.1,25.4,8384,475.8,1347,3753.4,7.13,1291.17,8.77,3.5,5.5,-0.1,3.5,3.7,4.3,3.7,5.1,262,1200,3906,0.74,1.44
Dec-23,21.2,1.04,17.87,0.95,186.89,1.97,53.7,74.4,66.7,36.8,8.97,8.6,4.4,3.04,-7.44,-0.24,0.9,-0.66,4.1,-1,43394,4781.6,2974.9,33464.2,57614,53157,3679,1165,4670,3789,2696,11029,6389,1773,4496,697,10861,10883,11286,6278,4171,1768,1194,12.7,8.1,62489,99.3,100.7,74.1,2.4,2093.1,24.6,8511.5,476.5,1320.5,4214.6,7.14,1292.78,9.11,3.5,5.5,-0.1,3.5,3.2,3.8,3.4,4.8,274,1246,3905,0.74,1.31
Jan-24,22.44,0.98,19.26,0.91,165.07,1.72,49.1,70.6,65.3,38,9.52,8.3,-6.25,3.5,2.75,-0.64,-0.53,1.17,4.8,-1.3,43547,4925,2788,36286,54700,54372,2510,1340,4414,3998,2768,9374,6212,1912,4726,799,10684,12392,10241,6135,4201,1768,1194,10.8,6,63755,99.4,100.5,77.8,2.1,2050,23.2,8462,447.8,1218.8,4320,7.18,1328.53,9,3.5,5.5,-0.1,3.5,3.3,4,3.3,4.8,269,1194,3906,0.74,1.32
Feb-24,22.02,1.04,18.78,0.96,182.73,1.87,54.6,77.6,67.1,40.1,9.93,8.68,0.67,7.79,-8.46,-1.56,0.38,1.18,4,-1.8,60562,5069,3015.2,39166.2,52403,48112,1981,1037,4488,3939,2675,9946,5156,1982,4414,718,9653,9410,9806,5599,4158,1768,1194,8.4,5,64874,99.5,100.3,78.5,1.9,2042.7,22.6,8340.5,428.5,1145.3,4602.6,7.2,1334.05,8.85,3.5,5.5,-0.1,3.5,3.5,4.3,3.5,5,270,1231,3968,0.65,1.22
Mar-24,23.7,1.09,20.24,1,162.87,1.94,55.2,73.7,69.3,42.4,10.38,9.1,1.17,4.42,-5.59,-0.75,0.7,0.06,3.7,-1.9,70702,5254,3041.2,40369.4,56572,52281,2136,1119,4319,4028,2884,11671,6169,1911,4642,779,10521,11400,10882,5973,4157,1767,1194,8.4,5,64964,99.7,100.1,83.2,1.8,2238,24.9,8729,442,1191,4905.2,7.23,1349.48,8.91,3.5,5.5,-0.1,3.5,3.4,4.2,3.4,5,280,1276,4014,0.6,1.13
Apr-24,21.51,1.06,18.42,0.98,147.01,1.93,55.7,76.6,66.6,43.4,10.38,8.81,-3.33,3.39,-0.06,-0.58,-0.97,1.54,4,-2.3,62944,5116,3104.8,38405.7,56262,54732,1710,1148,4677,4287,2821,9955,6788,1961,4366,855,10476,12420,11402,6012,4193,1767,1194,10.8,7.8,71997,99.8,99.9,82.6,2,2357.7,27.7,9935,449.3,1182,4765.8,7.23,1374.67,8.79,3.5,5.5,0.1,3.5,3.7,4.6,3.5,5.2,269,1222,3971,0.47,1.09
May-24,20.18,1.03,17.17,0.95,195.25,1.84,56.3,84.4,66.7,46.6,10.61,9.15,1.09,-1.33,0.25,0.2,0.38,-0.57,4.8,-2.2,68469,5235.5,3086.8,38487.9,58042,53187,2061,1248,4304,4084,2924,11379,6489,1836,4604,881,11378,12286,10930,6369,4133,1767,1194,9.2,6.6,72129,99.9,99.8,77.9,2.6,2366,31.5,10016.5,448.8,1209.8,5173.3,7.23,1374.74,8.77,3.5,5.5,0.1,3.5,3.6,4.5,3.4,5.2,278,1229,4009,0.42,1.06
Jun-24,21.23,1.08,18.22,1,198.4,1.86,56,80.1,66.8,50.1,11.05,9.04,-1.66,4.6,-2.95,-0.86,0.67,0.2,4.3,-2.1,61403,5482.9,2967.4,39583.1,57064,49073,1540,1060,4106,3722,2562,13420,6200,1757,3626,782,10707,10936,11297,5493,4128,1780,1194,9,6.8,74037,99.9,99.8,81.7,2.7,2336.6,29.3,9422.5,422.5,1104.8,5421.1,7.27,1386.35,8.62,3.5,5.5,0.1,3.5,3.3,4.3,3.3,5.1,278,1267,4040,0.48,1.13
Jul-24,18.2,1.07,15.67,0.99,178.27,1.78,55.5,83.6,66.4,51.8,10.85,8.61,1.91,1.69,-3.6,-0.6,0.01,0.59,6,-1.5,66173,5436.4,2938.8,39101.8,57469,53870,1084,1462,4947,4185,2793,11197,5367,2215,4532,833,11404,11942,10179,7916,4122,1780,1194,8.6,6.5,71822,99.9,99.7,74.7,2.1,2451.9,28.5,8906,405,1021.3,4890.2,7.25,1382.81,9.05,3.5,5.5,0.1,3.5,3.1,4.1,3.2,4.8,278,1221,4042,0.46,1.26
Aug-24,16.91,1.01,14.59,0.94,153.31,1.67,53.7,87.9,65.9,52.3,10.13,7.72,-0.33,-2.8,3.13,-0.1,0,0.11,6.7,-0.9,59530,5592,2842.2,38647.8,57834,54065,2836,1814,3857,4159,2811,11878,5066,1836,4479,844,11341,11483,9953,6255,4122,1780,1194,11.1,6.8,67550,99.9,99.7,75.9,2.1,2560.3,30,9116,396,992.5,5029.3,7.1,133.24,9.22,3.5,5.5,0.1,3.5,3.1,3.9,3.1,4.4,284,1232,4072,0.55,5.96
Sep-24,16.47,0.98,14.15,0.91,154.38,1.66,52,86.8,66.2,53.4,10.18,7.37,2.08,-7.91,5.83,-0.1,0.26,-0.25,7.1,-0.6,64810,5738,3336.5,37919.6,58775,52119,2387,1916,3809,3839,2771,13622,5483,1813,4043,926,11686,11220,10424,5462,4159,1796,1194,12.4,6.5,66776,100,99.7,68.2,2.9,2668.1,31.8,9860,418,1065.8,5217.2,7.01,1308.3,9.25,3.5,5.5,0.1,3.5,3,3.7,2.8,3.9,282,1246,4078,0.59,5.09
Oct-24,15.11,0.97,12.98,0.9,152.62,1.64,50.7,84.7,65.4,56,10.45,7.38,0.53,-4.7,4.17,-0.54,0.04,0.5,6.8,-1.7,72843,5813.7,3279.8,39081.3,57500,54347,2030,2049,3965,3986,2872,12544,6024,1875,3372,1037,11686,11220,10424,5462,4200,1796,1194,9.1,7.5,65836,100.1,99.8,68.6,2.9,2800.8,34.1,9356,411.5,991.3,5153.5,7.12,1378.27,9.02,3.3,5,0.3,3.4,3.1,4.3,2.9,4.3,272,1238,4117,0.57,5.28
Nov-24,14.57,0.92,12.53,0.86,243.15,1.48,52.2,86.5,63.1,57.8,9.76,6.83,2.18,-4.3,2.12,0.74,-0.18,-0.56,7.7,-1.8,96412,5998.7,3326.5,38208,56321,50735,2519,1704,3987,3572,2687,12453,5639,1769,3651,921,11267,11446,10380,5428,4157,1796,1194,9.9,5.7,65146,100.2,99.9,68.7,3.2,2639.9,30.1,8925,428,988.8,4853,7.25,1388.58,9.21,3,5,0.3,3.1,2.8,4.3,2.8,4.3,272,1238,4117,0.58,6.2
Dec-24,14.31,0.9,12.25,0.84,248.94,1.49,50.63,86.2,62.1,63.8,9.25,6.57,3.47,-3.04,-0.43,0.36,0.72,-1.08,7.9,-2.1,94384.5,5970.8,3407.3,39894.5,61369,54877,3085,1352,4341,3867,2775,14505,6049,1875,3937,875,11267,11446,10380,5428,4154,1796,1194,9.9,5.7,65146,100.4,100.1,70.6,3.4,2631.9,30,8843,454,989.8,5123,7.3,1472.5,9.34,3,4.8,0.3,3.1,2.9,4.6,2.7,4.2,272,1238,4117,0.69,3.62
Jan-25,14.18,0.96,12.34,0.89,292.07,1.62,52.8,87.1,65.1,66.1,9.69,7.06,-0.69,0.23,0.46,-0.04,-0.55,0.59,7,-2.1,103124.76,6188.7,3252.6,39932,61369,54877,3085,1352,4341,3867,2775,14505,6049,1875,3937,875,11267,11446,10380,5428,4156,1796,1194,9.9,5.7,65146,100.4,100.1,74.6,3.5,2765,30.8,9056,489.8,1065.5,5444.7,7.29,1434.3,9.21,3,4.5,0.3,3.1,2.9,4.6,2.6,4.2,272,1238,4117,0.64,7.24
